videoid,locationurl,filesize,,
6000,http://nasa.ibiblio.org/video/NASAConnect/NASAConnect-AheadAboveTheClouds/mpeg2/NASAConnect-AheadAboveTheClouds.mpg,1.19,,
6006,http://nasa.ibiblio.org/video/NASAConnect/NASAConnect-BetterHealthFromSpaceToEarth/mpeg2/NASAConnect-BetterHealthFromSpaceToEarth.mpg,1.19,,
6014,http://nasa.ibiblio.org/video/NASAConnect/NASAConnect-DancingInTheNightSky/mpeg2/NASAConnect-DancingInTheNightSky.mpg,1.19,,
6020,http://nasa.ibiblio.org/video/NASAConnect/NASAConnect-GeometryAndAlgebra-GlowWithTheFlow/mpeg2/NASAConnect-GeometryAndAlgebra-GlowWithTheFlow.mpg,1.19,,
6027,http://nasa.ibiblio.org/video/NASAConnect/NASAConnect-GeometryOfExploration-EyesOverMars/mpeg2/NASAConnect-GeometryOfExploration-EyesOverMars.mpg,1.19,,
6034,http://nasa.ibiblio.org/video/NASAConnect/NASAConnect-PersonalSatelliteAssistant-TheAstronautsHelper/mpeg2/NASAConnect-PersonalSatelliteAssistant-TheAstronautsHelper.mpg,1.2,,
6041,http://nasa.ibiblio.org/video/NASAConnect/NASAConnect-ShapesOfFlight/mpeg2/NASAConnect-ShapesOfFlight.mpg,1277.76,,
6048,http://nasa.ibiblio.org/video/NASAConnect/NASAConnect-VirtualEarth/mpeg2/NASAConnect-VirtualEarth.mpg,1227.99,,
6055,http://nasa.ibiblio.org/video/NASAConnect/NASAConnect-Proportionality-TheXPlaneGeneration/mpeg2/NASAConnect-Proportionality-TheXPlaneGeneration.mpg,1227.73,,
6063,http://nasa.ibiblio.org/video/NASAConnect/NASAConnect-TheVenusTransit/mpeg2/NASAConnect-TheVenusTransit.mpg,1230.98,,
6070,http://nasa.ibiblio.org/video/NASAConnect/NASAConnect-WhoAddedTheMicroToGravity/mpeg2/NASAConnect-WhoAddedTheMicroToGravity.mpg,1226.84,,
6077,http://nasa.ibiblio.org/video/NASAConnect/NASAConnect-FestivalOfFlight/mpeg2/NASAConnect-FestivalOfFlight.mpg,1227.68,,
6082,http://nasa.ibiblio.org/video/NASAConnect/NASAConnect-GeometryOfExploration-WaterBelowTheSurfaceOfMars/mpeg2/NASAConnect-GeometryOfExplorationWaterBelowTheSurfaceOfMars.mpg,1226.6,,
6089,http://nasa.ibiblio.org/video/NASAConnect/NASAConnect-MeasurementRatiosAndGraphing-SafetyFirst/mpeg2/NASAConnect-MeasurementRatiosAndGraphing-SafetyFirst.mpg,1228.49,,
6095,http://nasa.ibiblio.org/video/NASAConnect/NASAConnect-MirrorMirrorOnTheUniverse/mpeg2/NASAConnect-MirrorMirrorOnTheUniverse.mpg,1227.3,,
6102,http://nasa.ibiblio.org/video/NASAConnect/NASAConnect-PlaneWeather/mpeg2/NASAConnect-PlaneWeather.mpg,1.23,,
6108,http://nasa.ibiblio.org/video/NASAConnect/NASAConnect-RecipesForTheFuture/mpeg2/NASAConnect-RecipesForTheFuture.mpg,1.18,,
6114,http://nasa.ibiblio.org/video/NASAConnect/NASAConnect-TheMeasurementOfAllThings-AtmosphericDetectives/mpeg2/NASAConnect-TheMeasurementOfAllThingsAtmosphericDetectives.mpg,1224.03,,
6122,http://nasa.ibiblio.org/video/NASAConnect/NASAConnect-ToolsOfTheAeronauticTrade/mpeg2/NASAConnect-ToolsOfTheAeronauticTrade.mpg,1228.02,,
6128,http://nasa.ibiblio.org/video/NASAConnect/NASAConnect-WhereverYouGoThereYouAre/mpeg2/NASAConnect-WhereverYouGoThereYouAre.mpg,1308.32,,
6136,http://nasa.ibiblio.org/video/NASAConnect/NASAConnect-WorldSpaceCongress/mpeg2/NASAConnect-WorldSpaceCongress.mpg,1227.56,,
6137,http://nasa.ibiblio.org/video/NASADestinationTomorrow/NASADT5/mpeg2/NASADT5.mpg,1230.14,,
6143,http://nasa.ibiblio.org/video/NASADestinationTomorrow/NASADT6/mpeg2/NASADT6.mpg,1230.51,,
6149,http://nasa.ibiblio.org/video/NASADestinationTomorrow/NASADT10/mpeg2/NASADT10.mpg,1229.48,,
6155,http://nasa.ibiblio.org/video/NASADestinationTomorrow/NASADT11/mpeg2/NASADT11.mpg,1230.43,,
6161,http://nasa.ibiblio.org/video/NASASciFiles/NASAWF-TheBarkingDogs/mpeg2/NASAWF-TheCaseOfTheBarkingDogs.mpg,2437.19,,
6162,http://nasa.ibiblio.org/video/NASASciFiles/NASAWF-TheBarkingDogs/mpeg2/NASAWF-AnalyzingAndCollectingData.mpg,89.91,,
6163,http://nasa.ibiblio.org/video/NASASciFiles/NASAWF-TheBarkingDogs/mpeg2/NASAWF-HighFrequencyNoises.mpg,63.02,,
6164,http://nasa.ibiblio.org/video/NASASciFiles/NASAWF-TheBarkingDogs/mpeg2/NASAWF-HowTheEarWorks.mpg,40.64,,
6165,http://nasa.ibiblio.org/video/NASASciFiles/NASAWF-TheBarkingDogs/mpeg2/NASAWF-MoreFrequencyAndSoundTravel.mpg,136.13,,
6166,http://nasa.ibiblio.org/video/NASASciFiles/NASAWF-TheBarkingDogs/mpeg2/NASAWF-SonicBoom.mpg,73.46,,
6167,http://nasa.ibiblio.org/video/NASASciFiles/NASAWF-TheBarkingDogs/mpeg2/NASAWF-SoundOverDistance.mpg,274.36,,
6168,http://nasa.ibiblio.org/video/NASASciFiles/NASAWF-TheBarkingDogs/mpeg2/NASAWF-SoundWavesAndFrequency.mpg,97.35,,
6169,http://nasa.ibiblio.org/video/NASASciFiles/NASAWF-TheBarkingDogs/mpeg2/NASAWF-TheScientificMethod.mpg,145.98,,
6170,http://nasa.ibiblio.org/video/NASASciFiles/NASAWF-TheBarkingDogs/mpeg2/NASAWF-WhatWeAndDogsHear.mpg,182.34,,
6171,http://nasa.ibiblio.org/video/NASASciFiles/NASASF-TheBiologicalBiosphere/mpeg2/NASASF-TheBiologicalBiosphere.mpg,2524.12,,
6172,http://nasa.ibiblio.org/video/NASASciFiles/NASASF-TheBiologicalBiosphere/mpeg2/NASASF-AstronautFitness.mpg,103.13,,
6173,http://nasa.ibiblio.org/video/NASASciFiles/NASASF-TheBiologicalBiosphere/mpeg2/NASASF-Bacteria.mpg,135.93,,
6174,http://nasa.ibiblio.org/video/NASASciFiles/NASASF-TheBiologicalBiosphere/mpeg2/NASASF-BodilyProtectiveFunctions.mpg,190.52,,
6175,http://nasa.ibiblio.org/video/NASASciFiles/NASASF-TheBiologicalBiosphere/mpeg2/NASASF-BodySystems.mpg,58.96,,
6176,http://nasa.ibiblio.org/video/NASASciFiles/NASASF-TheBiologicalBiosphere/mpeg2/NASASF-CellsTissuesOrgansAndSystems.mpg,138.2,,
6177,http://nasa.ibiblio.org/video/NASASciFiles/NASASF-TheBiologicalBiosphere/mpeg2/NASASF-ImmuneSystem.mpg,140.28,,
6178,http://nasa.ibiblio.org/video/NASASciFiles/NASASF-TheBiologicalBiosphere/mpeg2/NASASF-InfectiousDiseases.mpg,151.46,,
6179,http://nasa.ibiblio.org/video/NASASciFiles/NASASF-TheBiologicalBiosphere/mpeg2/NASASF-MicrobialCultures.mpg,160.4,,
6180,http://nasa.ibiblio.org/video/NASASciFiles/NASASF-TheBiologicalBiosphere/mpeg2/NASASF-Quarantine.mpg,87.85,,
6181,http://nasa.ibiblio.org/video/NASASciFiles/NASASF-TheBiologicalBiosphere/mpeg2/NASASF-SicknessInSpace.mpg,112.42,,
6182,http://nasa.ibiblio.org/video/NASASciFiles/NASASF-TheBiologicalBiosphere/mpeg2/NASASF-SimulatedEpidemic.mpg,101.28,,
6183,http://nasa.ibiblio.org/video/NASASciFiles/NASAWF-TheChallengingFlight/mpeg2/NASAWF-TheCaseOfTheChallengingFlight.mpg,2515.24,,
6184,http://nasa.ibiblio.org/video/NASASciFiles/NASAWF-TheChallengingFlight/mpeg2/NASAWF-AerospaceEngineering.mpg,142.3,,
6185,http://nasa.ibiblio.org/video/NASASciFiles/NASAWF-TheChallengingFlight/mpeg2/NASAWF-AirplaneDesign.mpg,137.07,,
6186,http://nasa.ibiblio.org/video/NASASciFiles/NASAWF-TheChallengingFlight/mpeg2/NASAWF-AviationHistory.mpg,64.56,,
6187,http://nasa.ibiblio.org/video/NASASciFiles/NASAWF-TheChallengingFlight/mpeg2/NASAWF-DragAndBiomimetics.mpg,141.94,,
6188,http://nasa.ibiblio.org/video/NASASciFiles/NASAWF-TheChallengingFlight/mpeg2/NASAWF-FlightMaterials.mpg,136.85,,
6189,http://nasa.ibiblio.org/video/NASASciFiles/NASAWF-TheChallengingFlight/mpeg2/NASAWF-FlyingAPlane.mpg,82.78,,
6190,http://nasa.ibiblio.org/video/NASASciFiles/NASAWF-TheChallengingFlight/mpeg2/NASAWF-HowThingsFly.mpg,96.3,,
6191,http://nasa.ibiblio.org/video/NASASciFiles/NASAWF-TheChallengingFlight/mpeg2/NASAWF-LaunchCatapult.mpg,255.38,,
6192,http://nasa.ibiblio.org/video/NASASciFiles/NASAWF-TheChallengingFlight/mpeg2/NASAWF-TheFourForcesOfFlight.mpg,234.27,,
6193,http://nasa.ibiblio.org/video/NASASciFiles/NASAWF-TheChallengingFlight/mpeg2/NASAWF-Thrust.mpg,59.23,,
6194,http://nasa.ibiblio.org/video/NASASciFiles/NASAWF-TheChallengingFlight/mpeg2/NASAWF-ThrustExperiment.mpg,99.11,,
6195,http://nasa.ibiblio.org/video/NASASciFiles/NASAWF-TheChallengingFlight/mpeg2/NASAWF-WingSize.mpg,198.52,,
6196,http://nasa.ibiblio.org/video/NASASciFiles/NASAWF-TheMysteriousRedLight/mpeg2/NASAWF-TheMysteriousRedLight.mpg,2540.41,,
6197,http://nasa.ibiblio.org/video/NASASciFiles/NASAWF-TheMysteriousRedLight/mpeg2/NASAWF-HistoryOfVolcanoes.mpg,60.85,,
6198,http://nasa.ibiblio.org/video/NASASciFiles/NASAWF-TheMysteriousRedLight/mpeg2/NASAWF-JetStream.mpg,67.38,,
6199,http://nasa.ibiblio.org/video/NASASciFiles/NASAWF-TheMysteriousRedLight/mpeg2/NASAWF-LightPhotonsRaysAndWaves.mpg,118.27,,
6200,http://nasa.ibiblio.org/video/NASASciFiles/NASAWF-TheMysteriousRedLight/mpeg2/NASAWF-MirrorsLightAndIllusion.mpg,227.44,,
6201,http://nasa.ibiblio.org/video/NASASciFiles/NASAWF-TheMysteriousRedLight/mpeg2/NASAWF-MirrorsReflectionAndRefraction.mpg,122.14,,
6202,http://nasa.ibiblio.org/video/NASASciFiles/NASAWF-TheMysteriousRedLight/mpeg2/NASAWF-MoreOnLightWaves.mpg,107.14,,
6203,http://nasa.ibiblio.org/video/NASASciFiles/NASAWF-TheMysteriousRedLight/mpeg2/NASAWF-PollutionAndSunlight.mpg,207.24,,
6204,http://nasa.ibiblio.org/video/NASASciFiles/NASAWF-TheMysteriousRedLight/mpeg2/NASAWF-TypesOfVolcanoes.mpg,54.28,,
6205,http://nasa.ibiblio.org/video/NASASciFiles/NASAWF-TheMysteriousRedLight/mpeg2/NASAWF-VisibleSpectrumAndColor.mpg,82.49,,
6206,http://nasa.ibiblio.org/video/NASASciFiles/NASAWF-TheMysteriousRedLight/mpeg2/NASAWF-VolcanoEruptions.mpg,79.76,,
6207,http://nasa.ibiblio.org/video/NASASciFiles/NASAWF-TheMysteriousRedLight/mpeg2/NASAWF-Winds.mpg,142.92,,
6208,http://nasa.ibiblio.org/video/NASASciFiles/NASASF-ThePowerfulPulleys/mpeg2/NASASF-ThePowerfulPulleys.mpg,2541.06,,
6209,http://nasa.ibiblio.org/video/NASASciFiles/NASASF-ThePowerfulPulleys/mpeg2/NASASF-Belaying.mpg,76.77,,
6210,http://nasa.ibiblio.org/video/NASASciFiles/NASASF-ThePowerfulPulleys/mpeg2/NASASF-CrashTestPulleys.mpg,123.66,,
6211,http://nasa.ibiblio.org/video/NASASciFiles/NASASF-ThePowerfulPulleys/mpeg2/NASASF-DesignSafetyAndHumanFactors.mpg,185.6,,
6212,http://nasa.ibiblio.org/video/NASASciFiles/NASASF-ThePowerfulPulleys/mpeg2/NASASF-Elevators.mpg,106.03,,
6213,http://nasa.ibiblio.org/video/NASASciFiles/NASASF-ThePowerfulPulleys/mpeg2/NASASF-ForceAndDistance.mpg,193.42,,
6214,http://nasa.ibiblio.org/video/NASASciFiles/NASASF-ThePowerfulPulleys/mpeg2/NASASF-GearsAndCompoundMachines.mpg,186.84,,
6215,http://nasa.ibiblio.org/video/NASASciFiles/NASASF-ThePowerfulPulleys/mpeg2/NASASF-PulleyWorkshop.mpg,106.87,,
6216,http://nasa.ibiblio.org/video/NASASciFiles/NASASF-ThePowerfulPulleys/mpeg2/NASASF-SimpleMachines.mpg,172.72,,
6217,http://nasa.ibiblio.org/video/NASASciFiles/NASASF-ThePowerfulPulleys/mpeg2/NASASF-SpaceShuttlePulley.mpg,107.08,,
6218,http://nasa.ibiblio.org/video/NASASciFiles/NASASF-ThePowerfulPulleys/mpeg2/NASASF-WorkAndEnergy.mpg,119,,
6219,http://nasa.ibiblio.org/video/NASASciFiles/NASAWF-ThePhenomenalWeather/mpeg2/NASAWF-ThePhenomenalWeather.mpg,2528.81,,
6220,http://nasa.ibiblio.org/video/NASASciFiles/NASAWF-ThePhenomenalWeather/mpeg2/NASAWF-AirPressure.mpg,177.83,,
6221,http://nasa.ibiblio.org/video/NASASciFiles/NASAWF-ThePhenomenalWeather/mpeg2/NASAWF-Clouds.mpg,140.36,,
6222,http://nasa.ibiblio.org/video/NASASciFiles/NASAWF-ThePhenomenalWeather/mpeg2/NASAWF-GIFTS.mpg,133.34,,
6223,http://nasa.ibiblio.org/video/NASASciFiles/NASAWF-ThePhenomenalWeather/mpeg2/NASAWF-HistoryOfHurricanes.mpg,89.81,,
6224,http://nasa.ibiblio.org/video/NASASciFiles/NASAWF-ThePhenomenalWeather/mpeg2/NASAWF-HurricaneEnergyAndCoriolisEffect.mpg,149.25,,
6225,http://nasa.ibiblio.org/video/NASASciFiles/NASAWF-ThePhenomenalWeather/mpeg2/NASAWF-HurricaneFormation.mpg,140.6,,
6226,http://nasa.ibiblio.org/video/NASASciFiles/NASAWF-ThePhenomenalWeather/mpeg2/NASAWF-HurricaneGame.mpg,56.74,,
6227,http://nasa.ibiblio.org/video/NASASciFiles/NASAWF-ThePhenomenalWeather/mpeg2/NASAWF-HurricanePathsAndLandfall.mpg,122.99,,
6228,http://nasa.ibiblio.org/video/NASASciFiles/NASAWF-ThePhenomenalWeather/mpeg2/NASAWF-HurricanePredictionAndWeatherSatellites.mpg,334.5,,
6229,http://nasa.ibiblio.org/video/NASASciFiles/NASAWF-ThePhenomenalWeather/mpeg2/NASAWF-LIDAR.mpg,114.49,,
6230,http://nasa.ibiblio.org/video/NASASciFiles/NASAWF-ThePhenomenalWeather/mpeg2/NASAWF-MoreAirPressureAndHurricanePrediction.mpg,129.94,,
6231,http://nasa.ibiblio.org/video/NASASciFiles/NASAWF-ThePhenomenalWeather/mpeg2/NASAWF-WeatherReconnaissance.mpg,158.06,,
6232,http://nasa.ibiblio.org/video/NASASciFiles/NASAWF-TheUnknownStink/mpeg2/NASAWF-TheUnknownStink.mpg,2513.67,,
6233,http://nasa.ibiblio.org/video/NASASciFiles/NASAWF-TheUnknownStink/mpeg2/NASAWF-DataMatrix.mpg,44.83,,
6234,http://nasa.ibiblio.org/video/NASASciFiles/NASAWF-TheUnknownStink/mpeg2/NASAWF-ExperimentationAndVariables.mpg,220.12,,
6235,http://nasa.ibiblio.org/video/NASASciFiles/NASAWF-TheUnknownStink/mpeg2/NASAWF-HowFarSmellsTravel.mpg,72.13,,
6236,http://nasa.ibiblio.org/video/NASASciFiles/NASAWF-TheUnknownStink/mpeg2/NASAWF-HowSmellsTravel.mpg,140.16,,
6237,http://nasa.ibiblio.org/video/NASASciFiles/NASAWF-TheUnknownStink/mpeg2/NASAWF-HowWeSmell.mpg,98.12,,
6238,http://nasa.ibiblio.org/video/NASASciFiles/NASAWF-TheUnknownStink/mpeg2/NASAWF-ScientificMethod-DataCollectionAndVariables.mpg,174.55,,
6239,http://nasa.ibiblio.org/video/NASASciFiles/NASAWF-TheUnknownStink/mpeg2/NASAWF-ScientificMethod-HypothesisAndObservation.mpg,210.02,,
6240,http://nasa.ibiblio.org/video/NASASciFiles/NASAWF-TheUnknownStink/mpeg2/NASAWF-ScientificMethod-VariablesAndCategorizingData.mpg,210.85,,
6241,http://nasa.ibiblio.org/video/NASASciFiles/NASAWF-TheUnknownStink/mpeg2/NASAWF-SharkNoseAndUnderwaterSmell.mpg,75.19,,
6242,http://nasa.ibiblio.org/video/NASASciFiles/NASAWF-TheUnknownStink/mpeg2/NASAWF-WindDirection.mpg,115.52,,
6255,http://nasa.ibiblio.org/video/NASAKidsScienceNews/mpeg2/es/NASAKSN-AuroraBorealis.mpg,43.17,,
6256,http://nasa.ibiblio.org/video/NASAKidsScienceNews/mpeg2/es/NASAKSN-ElCieloAzul.mpg,41.17,,
6257,http://nasa.ibiblio.org/video/NASAKidsScienceNews/mpeg2/es/NASAKSN-ElElectro-Imn.mpg,43.36,,
6258,http://nasa.ibiblio.org/video/NASAKidsScienceNews/mpeg2/es/NASAKSN-ElMetro.mpg,43.49,,
6259,http://nasa.ibiblio.org/video/NASAKidsScienceNews/mpeg2/es/NASAKSN-ElMovimiento.mpg,43.6,,
6260,http://nasa.ibiblio.org/video/NASAKidsScienceNews/mpeg2/es/NASAKSN-ElPopcorn.mpg,43.46,,
6261,http://nasa.ibiblio.org/video/NASAKidsScienceNews/mpeg2/es/NASAKSN-ElSonido.mpg,46.53,,
6262,http://nasa.ibiblio.org/video/NASAKidsScienceNews/mpeg2/es/NASAKSN-LaEstatica.mpg,43.49,,
6263,http://nasa.ibiblio.org/video/NASAKidsScienceNews/mpeg2/es/NASAKSN-LasBurbujas.mpg,43.39,,
6264,http://nasa.ibiblio.org/video/NASAKidsScienceNews/mpeg2/es/NASAKSN-LosColoresDeLaHojas.mpg,43.44,,
6265,http://nasa.ibiblio.org/video/NASAKidsScienceNews/mpeg2/es/NASAKSN-LosRayosElectricos.mpg,43.42,,
6266,http://nasa.ibiblio.org/video/NASAKidsScienceNews/mpeg2/es/NASAKSN-LosHermanosWright.mpg,43.39,,
6267,http://nasa.ibiblio.org/video/NASAConnect/NASAConnect-TheATrainExpress/mpeg2/NASAConnect-TheATrainExpress.mpg,1227.9,,
6274,http://nasa.ibiblio.org/video/NASAConnect/NASAConnect-TheFutureOfFlightEquation/mpeg2/NASAConnect-TheFutureOfFlightEquation.mpg,1225.95,,
6281,http://nasa.ibiblio.org/video/NASAConnect/NASAConnect-ProblemSolving-TheWrightMath/mpeg2/NASAConnect-ProblemSolving-TheWrightMath.mpg,1.2,,
6287,http://nasa.ibiblio.org/video/NASAConnect/NASAConnect-HavingASolarBlast/mpeg2/NASAConnect-HavingASolarBlast.mpg,1.2,,
6293,http://nasa.ibiblio.org/video/NASAConnect/NASAConnect-QuietingTheSkies/mpeg2/NASAConnect-QuietingTheSkies.mpg,1.19,,
6298,http://nasa.ibiblio.org/video/NASAConnect/NASAConnect-Proportionality-ModelingTheFuture/mpeg2/NASAConnect-Proportionality-ModelingTheFuture.mpg,1.19,,
6304,http://nasa.ibiblio.org/video/NASAConnect/NASAConnect-WiredForSpace/mpeg2/NASAConnect-WiredForSpace.mpg,1.2,,
6311,http://nasa.ibiblio.org/video/NASAConnect/NASAConnect-InternationalSpaceStation/mpeg2/NASAConnect-FunctionsAndStatistics-InternationalSpaceStation-UpToUs.mpg,1228.33,,
6318,http://nasa.ibiblio.org/video/NASAConnect/NASAConnect-MeasurementRatiosAndGraphing-321Crash/mpeg2/NASAConnect-MeasurementRatiosAndGraphing-322Crash.mpg,1228.2,,
6324,http://nasa.ibiblio.org/video/NASADestinationTomorrow/NASADT2/mpeg2/NASADT2.mpg,1228.08,,
6330,http://nasa.ibiblio.org/video/NASADestinationTomorrow/NASADT3/mpeg2/NASADT3.mpg,1229.43,,
6336,http://nasa.ibiblio.org/video/NASADestinationTomorrow/NASADT9/mpeg2/NASADT9.mpg,1229.95,,
6342,http://nasa.ibiblio.org/video/NASADestinationTomorrow/NASADT12/mpeg2/NASADT12.mpg,1229.07,,
6347,http://nasa.ibiblio.org/video/NASADestinationTomorrow/NASADT4/mpeg2/NASADT4.mpg,1228.23,,
6353,http://nasa.ibiblio.org/video/NASASciFiles/NASASF-TheWrightInvention/mpeg2/NASASF-TheWrightInvention.mpg,2530.84,,
6354,http://nasa.ibiblio.org/video/NASASciFiles/NASASF-TheWrightInvention/mpeg2/NASASF-Brainstorming.mpg,178.15,,
6355,http://nasa.ibiblio.org/video/NASASciFiles/NASASF-TheWrightInvention/mpeg2/NASASF-Helios.mpg,112.4,,
6356,http://nasa.ibiblio.org/video/NASASciFiles/NASASF-TheWrightInvention/mpeg2/NASASF-HistoryOfFlight.mpg,67.08,,
6357,http://nasa.ibiblio.org/video/NASASciFiles/NASASF-TheWrightInvention/mpeg2/NASASF-InventionConcepts.mpg,59.16,,
6358,http://nasa.ibiblio.org/video/NASASciFiles/NASASF-TheWrightInvention/mpeg2/NASASF-InventionMuseum.mpg,94.33,,
6359,http://nasa.ibiblio.org/video/NASASciFiles/NASASF-TheWrightInvention/mpeg2/NASASF-Models.mpg,93.12,,
6360,http://nasa.ibiblio.org/video/NASASciFiles/NASASF-TheWrightInvention/mpeg2/NASASF-NightVisibilityExperiment.mpg,100.25,,
6361,http://nasa.ibiblio.org/video/NASASciFiles/NASASF-TheWrightInvention/mpeg2/NASASF-Patents.mpg,67.7,,
6362,http://nasa.ibiblio.org/video/NASASciFiles/NASASF-TheWrightInvention/mpeg2/NASASF-ReflectiveMaterials.mpg,107.92,,
6363,http://nasa.ibiblio.org/video/NASASciFiles/NASASF-TheWrightInvention/mpeg2/NASASF-Testing.mpg,45.21,,
6364,http://nasa.ibiblio.org/video/NASASciFiles/NASASF-TheWrightInvention/mpeg2/NASASF-TheDesignProcess.mpg,83.52,,
6365,http://nasa.ibiblio.org/video/NASASciFiles/NASASF-TheWrightInvention/mpeg2/NASASF-TheInventionProcess.mpg,175.86,,
6366,http://nasa.ibiblio.org/video/NASASciFiles/NASASF-TheWrightInvention/mpeg2/NASASF-TheWrightBrothers.mpg,99.84,,
6367,http://nasa.ibiblio.org/video/NASASciFiles/NASASF-TheShakyQuake/mpeg2/NASASF-TheShakyQuake.mpg,2420.86,,
6368,http://nasa.ibiblio.org/video/NASASciFiles/NASASF-TheShakyQuake/mpeg2/NASASF-EarthquakeWaves.mpg,121.94,,
6369,http://nasa.ibiblio.org/video/NASASciFiles/NASASF-TheShakyQuake/mpeg2/NASASF-Faults.mpg,157.59,,
6370,http://nasa.ibiblio.org/video/NASASciFiles/NASASF-TheShakyQuake/mpeg2/NASASF-FossilsAndPlateTectonics.mpg,198.64,,
6371,http://nasa.ibiblio.org/video/NASASciFiles/NASASF-TheShakyQuake/mpeg2/NASASF-GPS.mpg,92.4,,
6372,http://nasa.ibiblio.org/video/NASASciFiles/NASASF-TheShakyQuake/mpeg2/NASASF-LayersOfTheEarth.mpg,165.19,,
6373,http://nasa.ibiblio.org/video/NASASciFiles/NASASF-TheShakyQuake/mpeg2/NASASF-MeasuringEarthquakes.mpg,125.69,,
6374,http://nasa.ibiblio.org/video/NASASciFiles/NASASF-TheShakyQuake/mpeg2/NASASF-Meteors.mpg,93.4,,
6375,http://nasa.ibiblio.org/video/NASASciFiles/NASASF-TheShakyQuake/mpeg2/NASASF-MoreOnEarthquakes.mpg,45.47,,
6376,http://nasa.ibiblio.org/video/NASASciFiles/NASASF-TheShakyQuake/mpeg2/NASASF-Seismographs.mpg,96.66,,
6377,http://nasa.ibiblio.org/video/NASASciFiles/NASASF-TheShakyQuake/mpeg2/NASASF-Seismology.mpg,106.8,,
6378,http://nasa.ibiblio.org/video/NASASciFiles/NASASF-TheShakyQuake/mpeg2/NASASF-TriangulationActivity.mpg,117.11,,
6379,http://nasa.ibiblio.org/video/NASASciFiles/NASAWF-TheInhabitableHabitat/mpeg2/NASAWF-TheInhabitableHabitat.mpg,2529.28,,
6395,http://nasa.ibiblio.org/video/NASADestinationTomorrow/NASADT15/mpeg2/NASADT15.mpg,1227.27,,
6399,http://nasa.ibiblio.org/video/NASASciFiles/NASASF-TheRadicalRide/mpeg1/NASASF-TheRadicalRide.mpg,2536.23,,
6400,http://nasa.ibiblio.org/video/NASASciFiles/NASASF-TheRadicalRide/mpeg2/NASASF-ConceptCars.mpg,172.99,,
6401,http://nasa.ibiblio.org/video/NASASciFiles/NASASF-TheRadicalRide/mpeg2/NASASF-ControlledFlight.mpg,98.77,,
6402,http://nasa.ibiblio.org/video/NASASciFiles/NASASF-TheRadicalRide/mpeg2/NASASF-EngineeringDesignProcess.mpg,114.91,,
6403,http://nasa.ibiblio.org/video/NASASciFiles/NASASF-TheRadicalRide/mpeg2/NASASF-FutureOfTransportation.mpg,67.91,,
6404,http://nasa.ibiblio.org/video/NASASciFiles/NASASF-TheRadicalRide/mpeg2/NASASF-HistoryOfTransportation.mpg,158.81,,
6405,http://nasa.ibiblio.org/video/NASASciFiles/NASASF-TheRadicalRide/mpeg2/NASASF-Hovercraft.mpg,91.31,,
6406,http://nasa.ibiblio.org/video/NASASciFiles/NASASF-TheRadicalRide/mpeg2/NASASF-ModelsAndTesting.mpg,143.11,,
6407,http://nasa.ibiblio.org/video/NASASciFiles/NASASF-TheRadicalRide/mpeg2/NASASF-MouseTrapCarActivity.mpg,136.11,,
6408,http://nasa.ibiblio.org/video/NASASciFiles/NASASF-TheRadicalRide/mpeg2/NASASF-PAVs.mpg,163.42,,
6409,http://nasa.ibiblio.org/video/NASASciFiles/NASASF-TheRadicalRide/mpeg2/NASASF-TheChannelTunnel.mpg,194.5,,
6410,http://nasa.ibiblio.org/video/NASASciFiles/NASASF-TheGalacticVacation/mpeg2/NASASF-TheGalacticVacation.mpg,2426.81,,
6411,http://nasa.ibiblio.org/video/NASASciFiles/NASASF-TheGalacticVacation/mpeg2/NASASF-AreciboObservatory.mpg,247.69,,
6412,http://nasa.ibiblio.org/video/NASASciFiles/NASASF-TheGalacticVacation/mpeg2/NASASF-ForcesOfMotion.mpg,181.21,,
6413,http://nasa.ibiblio.org/video/NASASciFiles/NASASF-TheGalacticVacation/mpeg2/NASASF-FutureSpaceTravel.mpg,100.23,,
6414,http://nasa.ibiblio.org/video/NASASciFiles/NASASF-TheGalacticVacation/mpeg2/NASASF-ISSLife.mpg,53.91,,
6415,http://nasa.ibiblio.org/video/NASASciFiles/NASASF-TheGalacticVacation/mpeg2/NASASF-Mars.mpg,130.68,,
6416,http://nasa.ibiblio.org/video/NASASciFiles/NASASF-TheGalacticVacation/mpeg2/NASASF-MoonPhases.mpg,154.34,,
6417,http://nasa.ibiblio.org/video/NASASciFiles/NASASF-TheGalacticVacation/mpeg2/NASASF-ParallaxActivity.mpg,141.42,,
6418,http://nasa.ibiblio.org/video/NASASciFiles/NASASF-TheGalacticVacation/mpeg2/NASASF-PropulsionSystems.mpg,121.13,,
6419,http://nasa.ibiblio.org/video/NASASciFiles/NASASF-TheGalacticVacation/mpeg2/NASASF-Stars.mpg,165.11,,
6420,http://nasa.ibiblio.org/video/NASASciFiles/NASASF-TheGalacticVacation/mpeg2/NASASF-TheMoon.mpg,110.02,,
6421,http://nasa.ibiblio.org/video/NASASciFiles/NASASF-TheGalacticVacation/mpeg2/NASASF-TheUniverse.mpg,158.38,,
6422,http://nasa.ibiblio.org/video/NASASciFiles/NASAWF-TheElectricalMystery/mpeg2/NASAWF-TheElectricalMystery.mpg,2437.31,,
6460,http://nasa.ibiblio.org/video/NASAKidsScienceNews/mpeg2/es/NASAKSN-AguaEnMarte.mpg,43.08,,
6461,http://nasa.ibiblio.org/video/NASAKidsScienceNews/mpeg2/es/NASAKSN-MarteRompiendoRecords.mpg,43.13,,
6462,http://nasa.ibiblio.org/video/NASAKidsScienceNews/mpeg2/es/NASAKSN-UnAutoDeControlRemotoEnMarte.mpg,43.19,,
6463,http://nasa.ibiblio.org/video/NASAKidsScienceNews/mpeg2/es/NASAKSN-LasPlantasEnElEspacio.mpg,43.13,,
6464,http://nasa.ibiblio.org/video/NASAKidsScienceNews/mpeg2/es/NASAKSN-ElGasMasFrio.mpg,43.13,,
6465,http://nasa.ibiblio.org/video/NASAKidsScienceNews/mpeg2/es/NASAKSN-ElCuerpoEnElEspacio.mpg,43.13,,
6466,http://nasa.ibiblio.org/video/NASAKidsScienceNews/mpeg2/es/NASAKSN-ElNanotecnologia.mpg,43.12,,
6467,http://nasa.ibiblio.org/video/NASAKidsScienceNews/mpeg2/es/NASAKSN-FlotandoEnElEspacio.mpg,43.13,,
6468,http://nasa.ibiblio.org/video/NASAKidsScienceNews/mpeg2/es/NASAKSN-EnfermoEnElEspacio.mpg,43.13,,
6469,http://nasa.ibiblio.org/video/NASAKidsScienceNews/mpeg2/es/NASAKSN-ReciclandoAguaEnElEspacio.mpg,43.09,,
6470,http://nasa.ibiblio.org/video/NASAKidsScienceNews/mpeg2/es/NASAKSN-TiendasDeComidaEnElEspacio.mpg,43.12,,
6471,http://nasa.ibiblio.org/video/NASAKidsScienceNews/mpeg2/es/NASAKSN-LaArenaEnElEspacio.mpg,43.08,,
6472,http://nasa.ibiblio.org/video/NASAKidsScienceNews/mpeg2/es/NASAKSN-RelojesAtomicos.mpg,43.13,,
6473,http://nasa.ibiblio.org/video/NASAKidsScienceNews/mpeg2/es/NASAKSN-CajaSelladaConGuantes.mpg,42.73,,
6474,http://nasa.ibiblio.org/video/NASAKidsScienceNews/mpeg2/es/NASAKSN-LaEbullicionEnElEspacio.mpg,43.12,,
6475,http://nasa.ibiblio.org/video/NASAKidsScienceNews/mpeg2/es/NASAKSN-LasFracciones.mpg,43.12,,
6476,http://nasa.ibiblio.org/video/NASAKidsScienceNews/mpeg2/es/NASAKSN-ElCero.mpg,43.12,,
6477,http://nasa.ibiblio.org/video/NASAKidsScienceNews/mpeg2/es/NASAKSN-LosNumerosNegativos.mpg,43.13,,
6478,http://nasa.ibiblio.org/video/NASAKidsScienceNews/mpeg2/es/NASAKSN-LasZonasHorarias.mpg,43.13,,
6479,http://nasa.ibiblio.org/video/NASAKidsScienceNews/mpeg2/es/NASAKSN-ElRuidoDeLosAviones.mpg,43.12,,
6480,http://nasa.ibiblio.org/video/NASAKidsScienceNews/mpeg2/es/NASAKSN-CDs.mpg,43.12,,
6481,http://nasa.ibiblio.org/video/NASAKidsScienceNews/mpeg2/es/NASAKSN-ElLimpiaparabrisas.mpg,43.12,,
6482,http://nasa.ibiblio.org/video/NASAKidsScienceNews/mpeg2/es/NASAKSN-TunelDeViento.mpg,43.12,,
6483,http://nasa.ibiblio.org/video/NASAKidsScienceNews/mpeg2/es/NASAKSN-ElInternet.mpg,43.12,,
6484,http://nasa.ibiblio.org/video/NASAKidsScienceNews/mpeg2/es/NASAKSN-ElRatonDeComputadora.mpg,43.13,,
6485,http://nasa.ibiblio.org/video/NASAKidsScienceNews/mpeg2/es/NASAKSN-VirusDeComputadora.mpg,43.12,,
6486,http://nasa.ibiblio.org/video/NASAKidsScienceNews/mpeg2/es/NASAKSN-ElCorreroElectronico.mpg,43.12,,
6487,http://nasa.ibiblio.org/video/NASAKidsScienceNews/mpeg2/es/NASAKSN-BitsYBytes.mpg,43.12,,
6500,http://nasa.ibiblio.org/video/NASADestinationTomorrow/NASADT18/mpeg2/NASADT18.mpg,1228.48,,
6505,http://nasa.ibiblio.org/video/NASAConnect/NASAConnect-AncientObservatories/mpeg2/NASAConnect-AncientObservatories.mpg,1229.63,,
6510,http://nasa.ibiblio.org/video/NASAConnect/NASAConnect-HiddenTreasures/mpeg2/NASAConnect-HiddenTreasures.mpg,1218.52,,
6515,http://nasa.ibiblio.org/video/NASASciFiles/NASASF-TheTechnicalKnockout/mpeg2/NASASF-TheTechnicalKnockout.mpg,2533.61,,
6516,http://nasa.ibiblio.org/video/NASASciFiles/NASASF-TheTechnicalKnockout/mpeg2/NASASF-Geocaching.mpg,205.74,,
6517,http://nasa.ibiblio.org/video/NASASciFiles/NASASF-TheTechnicalKnockout/mpeg2/NASASF-HowPilotsUseGPS.mpg,93.84,,
6518,http://nasa.ibiblio.org/video/NASASciFiles/NASASF-TheTechnicalKnockout/mpeg2/NASASF-VikingNavigation.mpg,238.27,,
6519,http://nasa.ibiblio.org/video/NASASciFiles/NASASF-TheTechnicalKnockout/mpeg2/NASASF-HowDoesGPSWork.mpg,191.32,,
6520,http://nasa.ibiblio.org/video/NASASciFiles/NASASF-TheTechnicalKnockout/mpeg2/NASASF-RadioWavesAndElectricity.mpg,426.07,,
6521,http://nasa.ibiblio.org/video/NASASciFiles/NASASF-TheTechnicalKnockout/mpeg2/NASASF-Magnetism.mpg,481.35,,
6522,http://nasa.ibiblio.org/video/NASASciFiles/NASASF-TheTechnicalKnockout/mpeg2/NASASF-TheSun.mpg,160.93,,
6523,http://nasa.ibiblio.org/video/NASASciFiles/NASASF-TheTechnicalKnockout/mpeg2/NASASF-SolarFlaresAndOtherSunActivity.mpg,313.77,,
6524,http://nasa.ibiblio.org/video/NASASciFiles/NASASF-TheTechnicalKnockout/mpeg2/NASASF-SpaceWeather.mpg,346.73,,
6525,http://nasa.ibiblio.org/video/NASADestinationTomorrow/NASADT16/mpeg2/NASADT16.mpg,1199.33,,
6529,http://nasa.ibiblio.org/video/NASADestinationTomorrow/NASADT17/mpeg2/NASADT17.mpg,1213.93,,
6533,http://nasa.ibiblio.org/video/NASADestinationTomorrow/NASADT20/mpeg2/NASADT20.mpg,1228.81,,
6538,http://nasa.ibiblio.org/video/NASAConnect/NASAConnect-GoodStress/mpeg2/NASAConnect-GoodStress.mpg,1226.59,,
6544,http://nasa.ibiblio.org/video/NASAConnect/NASAConnect-RocketToTheStars/mpeg2/NASAConnect-RocketToTheStars.mpg,1229.62,,
6549,http://nasa.ibiblio.org/video/NASASciFiles/NASASF-TheOceanOdyssey/mpeg2/NASASF-TheOceanOdyssey.mpg,2540.8,,
6550,http://nasa.ibiblio.org/video/NASASciFiles/NASASF-TheOceanOdyssey/mpeg2/NASASF-TidesAndWaves.mpg,138.06,,
6551,http://nasa.ibiblio.org/video/NASASciFiles/NASASF-TheOceanOdyssey/mpeg2/NASASF-Oceans.mpg,108.13,,
6552,http://nasa.ibiblio.org/video/NASASciFiles/NASASF-TheOceanOdyssey/mpeg2/NASASF-DensityCurrent.mpg,114.25,,
6553,http://nasa.ibiblio.org/video/NASASciFiles/NASASF-TheOceanOdyssey/mpeg2/NASASF-SurfaceCurrent.mpg,191.4,,
6554,http://nasa.ibiblio.org/video/NASASciFiles/NASASF-TheOceanOdyssey/mpeg2/NASASF-VelocityOfCurrent.mpg,116.33,,
6555,http://nasa.ibiblio.org/video/NASASciFiles/NASASF-TheOceanOdyssey/mpeg2/NASASF-Oil.mpg,116.53,,
6556,http://nasa.ibiblio.org/video/NASASciFiles/NASASF-TheOceanOdyssey/mpeg2/NASASF-OilExplorationAndProduction.mpg,99.96,,
6557,http://nasa.ibiblio.org/video/NASASciFiles/NASASF-TheOceanOdyssey/mpeg2/NASASF-OceanTopology.mpg,129.6,,
6558,http://nasa.ibiblio.org/video/NASASciFiles/NASASF-TheOceanOdyssey/mpeg2/NASASF-OceanPressure.mpg,77.64,,
6559,http://nasa.ibiblio.org/video/NASASciFiles/NASASF-TheOceanOdyssey/mpeg2/NASASF-OilCleanUp.mpg,84.52,,
6560,http://nasa.ibiblio.org/video/NASASciFiles/NASASF-TheOceanOdyssey/mpeg2/NASASF-ImpactOfAnOilSpill.mpg,151.55,,
6561,http://nasa.ibiblio.org/video/NASASciFiles/NASASF-TheOceanOdyssey/mpeg2/NASASF-CoastalCurrents.mpg,111.14,,
6562,http://nasa.ibiblio.org/video/NASASciFiles/NASASF-TheZanyAnimalAntics/mpeg2/NASASF-TheZanyAnimalAntics.mpg,2543.54,,
6563,http://nasa.ibiblio.org/video/NASASciFiles/NASASF-TheZanyAnimalAntics/mpeg2/NASASF-AnimalKingdom.mpg,773.21,,
6564,http://nasa.ibiblio.org/video/NASASciFiles/NASASF-TheZanyAnimalAntics/mpeg2/NASASF-ReproductionMigrationAndBasicNeeds.mpg,569.95,,
6565,http://nasa.ibiblio.org/video/NASASciFiles/NASASF-TheZanyAnimalAntics/mpeg2/NASASF-AnimalPopulationsAndHabitats.mpg,536.34,,
6566,http://nasa.ibiblio.org/video/NASASciFiles/NASASF-TheZanyAnimalAntics/mpeg2/NASASF-EndangeredSpecies.mpg,658.73,,
6567,http://nasa.ibiblio.org/video/NASASciFiles/NASASF-TheGreatSpaceExploration/mpeg2/NASASF-TheGreatSpaceExploration.mpg,2542.99,,
6568,http://nasa.ibiblio.org/video/NASASciFiles/NASASF-TheGreatSpaceExploration/mpeg2/NASASF-RoboticMissionsAndMaterialsUsedInSpace.mpg,549.11,,
6569,http://nasa.ibiblio.org/video/NASASciFiles/NASASF-TheGreatSpaceExploration/mpeg2/NASASF-DietExerciseAndLongTermSpaceTravel.mpg,692.91,,
6570,http://nasa.ibiblio.org/video/NASASciFiles/NASASF-TheGreatSpaceExploration/mpeg2/NASASF-RadiationSpacecraftMaterialsAndPropulsion.mpg,743.44,,
6571,http://nasa.ibiblio.org/video/NASASciFiles/NASASF-TheGreatSpaceExploration/mpeg2/NASASF-SpaceInnovationsAndSimulations.mpg,554.46,,
6572,http://nasa.ibiblio.org/video/NASAConnect/NASAConnect-TheRightRatioOfRest-ProportionalReasoning/mpeg2/NASAConnect-TheRightRatioOfRest-ProportionalReasoning.mpg,1227.79,,
,,,,